{"Timestamp":{"Timestamp":1.0,"CDOM":-0.3361385635,"Chlorophylle-a SCALED":0.1196851712,"CO2 dissous concentration calcul\u00e9e":0.1346427706,"Conductivit\u00e9":0.0644907419,"COTeq":-0.1367390986,"DBOeq":-0.1691495983,"DCOeq":-0.1688006435,"MES":0.1224258383,"NO3":0.2978680288,"O2 Saturation":0.1660256313,"O2 Temperature":0.1567406191,"pH Test":0.3920906164,"Phycocyanine scaled":-0.2080480347,"T (Con.)":-0.7723302212,"Total battery charge #6f0d":0.4396413812,"Turbidit\u00e9":0.1224703155},"CDOM":{"Timestamp":-0.3361385635,"CDOM":1.0,"Chlorophylle-a SCALED":-0.3846816549,"CO2 dissous concentration calcul\u00e9e":-0.1005736969,"Conductivit\u00e9":0.4886661464,"COTeq":0.1381760948,"DBOeq":0.1296717356,"DCOeq":0.1299830395,"MES":-0.055884079,"NO3":0.4822168856,"O2 Saturation":-0.1224563342,"O2 Temperature":-0.1219346332,"pH Test":-0.0254059753,"Phycocyanine scaled":-0.4318838622,"T (Con.)":-0.0158608911,"Total battery charge #6f0d":0.1144263244,"Turbidit\u00e9":-0.0558076755},"Chlorophylle-a SCALED":{"Timestamp":0.1196851712,"CDOM":-0.3846816549,"Chlorophylle-a SCALED":1.0,"CO2 dissous concentration calcul\u00e9e":-0.0380799115,"Conductivit\u00e9":0.0036942717,"COTeq":-0.1081478274,"DBOeq":-0.1184520241,"DCOeq":-0.1218371493,"MES":-0.0012113047,"NO3":-0.1002018864,"O2 Saturation":-0.0424360284,"O2 Temperature":-0.0417067355,"pH Test":0.1512977032,"Phycocyanine scaled":0.2389009372,"T (Con.)":-0.1430110546,"Total battery charge #6f0d":0.1162292942,"Turbidit\u00e9":-0.0025573512},"CO2 dissous concentration calcul\u00e9e":{"Timestamp":0.1346427706,"CDOM":-0.1005736969,"Chlorophylle-a SCALED":-0.0380799115,"CO2 dissous concentration calcul\u00e9e":1.0,"Conductivit\u00e9":-0.0657236832,"COTeq":-0.0886515954,"DBOeq":-0.0879327774,"DCOeq":-0.0901942982,"MES":-0.021077259,"NO3":-0.1214859078,"O2 Saturation":0.8002261087,"O2 Temperature":0.8009079578,"pH Test":0.0023100934,"Phycocyanine scaled":0.0030037514,"T (Con.)":-0.0006475128,"Total battery charge #6f0d":null,"Turbidit\u00e9":-0.0208950709},"Conductivit\u00e9":{"Timestamp":0.0644907419,"CDOM":0.4886661464,"Chlorophylle-a SCALED":0.0036942717,"CO2 dissous concentration calcul\u00e9e":-0.0657236832,"Conductivit\u00e9":1.0,"COTeq":-0.1272773646,"DBOeq":-0.1729809936,"DCOeq":-0.1706702808,"MES":-0.1133924149,"NO3":0.4702320797,"O2 Saturation":-0.059021154,"O2 Temperature":-0.0434174366,"pH Test":0.3764482185,"Phycocyanine scaled":-0.2364325138,"T (Con.)":-0.4806714132,"Total battery charge #6f0d":0.2133568525,"Turbidit\u00e9":-0.1116693486},"COTeq":{"Timestamp":-0.1367390986,"CDOM":0.1381760948,"Chlorophylle-a SCALED":-0.1081478274,"CO2 dissous concentration calcul\u00e9e":-0.0886515954,"Conductivit\u00e9":-0.1272773646,"COTeq":1.0,"DBOeq":0.9999934122,"DCOeq":0.9999915321,"MES":0.2509480385,"NO3":0.2710104688,"O2 Saturation":0.0047505076,"O2 Temperature":0.2787606048,"pH Test":0.0399049246,"Phycocyanine scaled":-0.1968773358,"T (Con.)":0.2660867674,"Total battery charge #6f0d":0.0184494634,"Turbidit\u00e9":0.2525721911},"DBOeq":{"Timestamp":-0.1691495983,"CDOM":0.1296717356,"Chlorophylle-a SCALED":-0.1184520241,"CO2 dissous concentration calcul\u00e9e":-0.0879327774,"Conductivit\u00e9":-0.1729809936,"COTeq":0.9999934122,"DBOeq":1.0,"DCOeq":0.9999981568,"MES":0.2304696469,"NO3":0.2044934874,"O2 Saturation":0.0231521704,"O2 Temperature":0.2704177351,"pH Test":0.0491437883,"Phycocyanine scaled":-0.1992320904,"T (Con.)":0.2934959041,"Total battery charge #6f0d":0.0425484344,"Turbidit\u00e9":0.2316790516},"DCOeq":{"Timestamp":-0.1688006435,"CDOM":0.1299830395,"Chlorophylle-a SCALED":-0.1218371493,"CO2 dissous concentration calcul\u00e9e":-0.0901942982,"Conductivit\u00e9":-0.1706702808,"COTeq":0.9999915321,"DBOeq":0.9999981568,"DCOeq":1.0,"MES":0.2345805937,"NO3":0.2125198371,"O2 Saturation":0.0234061564,"O2 Temperature":0.2685925461,"pH Test":0.0488078622,"Phycocyanine scaled":-0.1890862692,"T (Con.)":0.2889416117,"Total battery charge #6f0d":0.0427174156,"Turbidit\u00e9":0.2358000251},"MES":{"Timestamp":0.1224258383,"CDOM":-0.055884079,"Chlorophylle-a SCALED":-0.0012113047,"CO2 dissous concentration calcul\u00e9e":-0.021077259,"Conductivit\u00e9":-0.1133924149,"COTeq":0.2509480385,"DBOeq":0.2304696469,"DCOeq":0.2345805937,"MES":1.0,"NO3":0.1786237173,"O2 Saturation":-0.0244631385,"O2 Temperature":-0.0238968724,"pH Test":-0.0279334741,"Phycocyanine scaled":-0.0957727556,"T (Con.)":-0.0765155059,"Total battery charge #6f0d":-0.1746178662,"Turbidit\u00e9":0.9999652662},"NO3":{"Timestamp":0.2978680288,"CDOM":0.4822168856,"Chlorophylle-a SCALED":-0.1002018864,"CO2 dissous concentration calcul\u00e9e":-0.1214859078,"Conductivit\u00e9":0.4702320797,"COTeq":0.2710104688,"DBOeq":0.2044934874,"DCOeq":0.2125198371,"MES":0.1786237173,"NO3":1.0,"O2 Saturation":0.02972946,"O2 Temperature":-0.4011242898,"pH Test":0.3316413676,"Phycocyanine scaled":-0.0759328012,"T (Con.)":-0.4325869028,"Total battery charge #6f0d":0.179257219,"Turbidit\u00e9":0.1791818194},"O2 Saturation":{"Timestamp":0.1660256313,"CDOM":-0.1224563342,"Chlorophylle-a SCALED":-0.0424360284,"CO2 dissous concentration calcul\u00e9e":0.8002261087,"Conductivit\u00e9":-0.059021154,"COTeq":0.0047505076,"DBOeq":0.0231521704,"DCOeq":0.0234061564,"MES":-0.0244631385,"NO3":0.02972946,"O2 Saturation":1.0,"O2 Temperature":0.9998223065,"pH Test":0.0309166589,"Phycocyanine scaled":0.024565326,"T (Con.)":-0.0038727931,"Total battery charge #6f0d":-0.1279003927,"Turbidit\u00e9":-0.0246177554},"O2 Temperature":{"Timestamp":0.1567406191,"CDOM":-0.1219346332,"Chlorophylle-a SCALED":-0.0417067355,"CO2 dissous concentration calcul\u00e9e":0.8009079578,"Conductivit\u00e9":-0.0434174366,"COTeq":0.2787606048,"DBOeq":0.2704177351,"DCOeq":0.2685925461,"MES":-0.0238968724,"NO3":-0.4011242898,"O2 Saturation":0.9998223065,"O2 Temperature":1.0,"pH Test":-0.0187084194,"Phycocyanine scaled":0.0207871704,"T (Con.)":-0.0111598872,"Total battery charge #6f0d":-0.186848716,"Turbidit\u00e9":-0.0240000519},"pH Test":{"Timestamp":0.3920906164,"CDOM":-0.0254059753,"Chlorophylle-a SCALED":0.1512977032,"CO2 dissous concentration calcul\u00e9e":0.0023100934,"Conductivit\u00e9":0.3764482185,"COTeq":0.0399049246,"DBOeq":0.0491437883,"DCOeq":0.0488078622,"MES":-0.0279334741,"NO3":0.3316413676,"O2 Saturation":0.0309166589,"O2 Temperature":-0.0187084194,"pH Test":1.0,"Phycocyanine scaled":0.2376582594,"T (Con.)":-0.4537517824,"Total battery charge #6f0d":0.3646783269,"Turbidit\u00e9":-0.0288437542},"Phycocyanine scaled":{"Timestamp":-0.2080480347,"CDOM":-0.4318838622,"Chlorophylle-a SCALED":0.2389009372,"CO2 dissous concentration calcul\u00e9e":0.0030037514,"Conductivit\u00e9":-0.2364325138,"COTeq":-0.1968773358,"DBOeq":-0.1992320904,"DCOeq":-0.1890862692,"MES":-0.0957727556,"NO3":-0.0759328012,"O2 Saturation":0.024565326,"O2 Temperature":0.0207871704,"pH Test":0.2376582594,"Phycocyanine scaled":1.0,"T (Con.)":0.253342992,"Total battery charge #6f0d":-0.1500750811,"Turbidit\u00e9":-0.0940307549},"T (Con.)":{"Timestamp":-0.7723302212,"CDOM":-0.0158608911,"Chlorophylle-a SCALED":-0.1430110546,"CO2 dissous concentration calcul\u00e9e":-0.0006475128,"Conductivit\u00e9":-0.4806714132,"COTeq":0.2660867674,"DBOeq":0.2934959041,"DCOeq":0.2889416117,"MES":-0.0765155059,"NO3":-0.4325869028,"O2 Saturation":-0.0038727931,"O2 Temperature":-0.0111598872,"pH Test":-0.4537517824,"Phycocyanine scaled":0.253342992,"T (Con.)":1.0,"Total battery charge #6f0d":-0.1957623168,"Turbidit\u00e9":-0.0778588188},"Total battery charge #6f0d":{"Timestamp":0.4396413812,"CDOM":0.1144263244,"Chlorophylle-a SCALED":0.1162292942,"CO2 dissous concentration calcul\u00e9e":null,"Conductivit\u00e9":0.2133568525,"COTeq":0.0184494634,"DBOeq":0.0425484344,"DCOeq":0.0427174156,"MES":-0.1746178662,"NO3":0.179257219,"O2 Saturation":-0.1279003927,"O2 Temperature":-0.186848716,"pH Test":0.3646783269,"Phycocyanine scaled":-0.1500750811,"T (Con.)":-0.1957623168,"Total battery charge #6f0d":1.0,"Turbidit\u00e9":-0.1742306841},